{
  "results": [
    {
      "command": "bpmnanalyzer.exe -f instantaneous/realistic-models/models/camunda-adopted/dispatch-of-goods.bpmn -p safeness,option-to-complete,proper-completion,no-dead-activities",
      "mean": 0.010372154716417914,
      "stddev": 0.0006487682624601818,
      "median": 0.010235848000000002,
      "user": 0.004099813432835821,
      "system": 0.008269589552238797,
      "min": 0.009466448000000002,
      "max": 0.014555048000000001,
      "times": [
        0.014555048000000001,
        0.011068048,
        0.010735348000000002,
        0.010821548,
        0.011000448,
        0.012500848000000002,
        0.012587448000000001,
        0.011818648000000001,
        0.011341248000000002,
        0.010655248000000003,
        0.010754748000000001,
        0.010556448,
        0.010972048000000002,
        0.010346148,
        0.010226348,
        0.010830648000000002,
        0.010460948000000001,
        0.010770148,
        0.010903948,
        0.010568048,
        0.009791748,
        0.010232948000000002,
        0.010425248000000002,
        0.010047748000000002,
        0.010629948,
        0.010988848000000002,
        0.011120748,
        0.010728648,
        0.011171348000000001,
        0.010733248,
        0.009672248000000001,
        0.010629848,
        0.010121948000000002,
        0.010206248000000001,
        0.010751448,
        0.010302448000000002,
        0.010507348,
        0.010162648,
        0.010381048,
        0.010034548,
        0.010238748000000002,
        0.010391848000000002,
        0.010317348,
        0.010514248,
        0.010109648000000002,
        0.010043248000000001,
        0.010231848000000002,
        0.010242948000000002,
        0.010556548000000002,
        0.011187548000000002,
        0.010532848000000001,
        0.009938248,
        0.009688548000000002,
        0.010138548,
        0.009872548000000002,
        0.010509548,
        0.009775448000000003,
        0.009671448000000003,
        0.009935848,
        0.010040048000000003,
        0.010296648000000002,
        0.011015348000000001,
        0.009758848,
        0.009466448000000002,
        0.010373348000000001,
        0.009695648000000001,
        0.009893848,
        0.010837948,
        0.010423948000000002,
        0.010155548,
        0.010232348000000002,
        0.009908648000000003,
        0.009949848,
        0.010122548000000002,
        0.009868648,
        0.009915248000000002,
        0.009884948000000001,
        0.009847848000000003,
        0.010096348000000002,
        0.010611448000000002,
        0.010542748000000001,
        0.010533348000000001,
        0.010609248000000002,
        0.010526948000000001,
        0.010060548000000002,
        0.009952548000000002,
        0.009953648000000002,
        0.009852048000000002,
        0.010806648000000002,
        0.010038548000000001,
        0.010197448000000001,
        0.009746048,
        0.009579648,
        0.010015448,
        0.010497348,
        0.010000848,
        0.010286748000000002,
        0.009825548,
        0.009883948,
        0.009604348000000002,
        0.009857048,
        0.009916648,
        0.009954248000000002,
        0.011790948000000002,
        0.010165148000000002,
        0.009955148,
        0.010314348000000001,
        0.009921748000000001,
        0.009831948,
        0.010073448000000002,
        0.009759248000000002,
        0.009633348,
        0.009795748,
        0.009658948,
        0.010114648,
        0.010915848000000002,
        0.009734348,
        0.009896048000000001,
        0.010293248000000001,
        0.010934148000000001,
        0.010024348000000002,
        0.010477848000000001,
        0.010731648,
        0.010815548000000001,
        0.011093848,
        0.010551148,
        0.010403748,
        0.010507448000000003,
        0.011356148,
        0.010022748000000001,
        0.010583548000000002,
        0.009954448000000001,
        0.009877748000000002,
        0.010032448
      ],
      "exit_codes": [
        0,
        0,
        0,
        0,
        0,
        0,
        0,
        0,
        0,
        0,
        0,
        0,
        0,
        0,
        0,
        0,
        0,
        0,
        0,
        0,
        0,
        0,
        0,
        0,
        0,
        0,
        0,
        0,
        0,
        0,
        0,
        0,
        0,
        0,
        0,
        0,
        0,
        0,
        0,
        0,
        0,
        0,
        0,
        0,
        0,
        0,
        0,
        0,
        0,
        0,
        0,
        0,
        0,
        0,
        0,
        0,
        0,
        0,
        0,
        0,
        0,
        0,
        0,
        0,
        0,
        0,
        0,
        0,
        0,
        0,
        0,
        0,
        0,
        0,
        0,
        0,
        0,
        0,
        0,
        0,
        0,
        0,
        0,
        0,
        0,
        0,
        0,
        0,
        0,
        0,
        0,
        0,
        0,
        0,
        0,
        0,
        0,
        0,
        0,
        0,
        0,
        0,
        0,
        0,
        0,
        0,
        0,
        0,
        0,
        0,
        0,
        0,
        0,
        0,
        0,
        0,
        0,
        0,
        0,
        0,
        0,
        0,
        0,
        0,
        0,
        0,
        0,
        0,
        0,
        0,
        0,
        0,
        0,
        0
      ],
      "parameters": {
        "bpmnModel": "instantaneous/realistic-models/models/camunda-adopted/dispatch-of-goods.bpmn"
      }
    }
  ]
}
